{
  "final_loss": 1.283589461475719,
  "final_ce_loss": 0.6835894614757191,
  "final_accuracy": 0.5,
  "final_two_qubit_count": 6,
  "n_iterations": 100,
  "n_qubits": 2,
  "depth": 3
}