{
  "final_loss": 0.7751249685381398,
  "final_ce_loss": 0.6851249685381399,
  "final_accuracy": 1.0,
  "final_two_qubit_count": 9,
  "n_iterations": 150,
  "n_qubits": 2,
  "depth": 3
}