{
  "final_loss": 0.7831471605599455,
  "final_ce_loss": 0.6931471605599455,
  "final_accuracy": 0.475,
  "final_two_qubit_count": 9,
  "n_iterations": 150,
  "n_qubits": 2,
  "depth": 3
}