{
  "final_loss": 1.9182430023853168,
  "final_ce_loss": 1.3182430023853167,
  "final_accuracy": 0.5,
  "final_two_qubit_count": 6,
  "n_iterations": 100,
  "n_qubits": 2,
  "depth": 3
}