{
  "final_loss": 1.5931471605599454,
  "final_ce_loss": 0.6931471605599454,
  "final_accuracy": 0.5,
  "final_two_qubit_count": 9,
  "n_iterations": 60,
  "n_qubits": 2,
  "depth": 3
}