{
  "final_loss": 2.1131952243146235,
  "final_ce_loss": 1.5131952243146234,
  "final_accuracy": 0.5,
  "final_two_qubit_count": 6,
  "n_iterations": 100,
  "n_qubits": 2,
  "depth": 3
}