{
  "final_loss": 3.1697814526125354,
  "final_ce_loss": 1.9697814526125357,
  "final_accuracy": 0.375,
  "final_two_qubit_count": 4,
  "final_mask_sparsity": 0.6666666666666666,
  "final_active_entanglers": 2,
  "total_entanglers": 3,
  "n_iterations": 30,
  "n_qubits": 2,
  "depth": 3
}